abreubo01	129	28	2	9	57	60	64	107	13	3	2	9	3	525	600
abreujo02	161	33	2	29	93	75	50	127	13	11	9	5	2	538	600
abreuto01	142	32	6	13	70	71	39	122	16	3	5	6	4	550	600
ackledu01	134	27	3	12	60	71	48	111	9	3	2	9	4	547	600
adamecr01	135	27	3	14	62	68	47	130	14	3	5	9	3	544	600
adamsda02	130	26	3	14	62	60	46	138	14	2	6	6	2	544	600
adamsla01	138	28	3	14	64	70	48	127	12	3	5	10	4	542	600
adamsma01	156	34	3	20	80	70	38	135	13	4	3	4	2	556	600
adducji02	125	24	2	11	54	66	50	130	11	2	3	13	4	539	600
adriaeh01	137	30	2	11	57	67	43	127	13	4	5	8	4	543	600
aguilje01	130	25	2	13	63	64	51	135	13	3	5	8	3	539	600
ahmedni01	134	26	2	13	58	70	43	115	13	3	4	8	5	545	600
alcanar01	127	26	3	18	63	67	42	163	9	2	5	14	7	549	600
allenbr01	137	27	3	18	70	73	51	127	12	4	5	11	4	540	600
almonab01	136	29	2	12	57	64	43	147	14	2	4	10	5	545	600
almonzo01	134	24	2	13	61	62	41	129	13	2	3	12	4	551	600
alonsyo01	144	32	1	12	65	57	52	94	15	6	3	8	1	540	600
altheaa01	137	28	3	14	64	68	48	127	12	3	5	10	4	542	600
altuvjo01	170	35	3	7	50	72	36	73	16	4	4	36	9	555	600
alvarpe01	130	23	2	29	86	68	56	169	14	7	3	6	2	540	600
amarial01	134	23	5	10	58	60	40	98	9	4	2	12	3	548	600
anderbr05	134	29	2	15	65	69	49	126	14	3	6	11	3	541	600
anderla03	140	28	3	17	69	74	51	124	12	4	5	11	4	540	600
andinro01	123	24	2	12	51	61	51	138	16	2	3	8	5	537	600
andruel01	147	26	3	4	52	73	47	92	16	1	4	25	9	537	600
ankieri01	128	30	4	20	65	62	44	170	10	4	3	6	5	549	600
annade01	133	27	3	15	65	68	48	124	11	3	5	9	3	540	600
aokino01	150	26	4	7	46	73	47	59	7	1	8	20	8	534	600
arciaos01	135	27	4	24	77	66	46	176	9	4	7	4	3	547	600
arenano01	154	38	3	18	72	70	36	93	17	2	4	4	1	556	600
arencjp01	120	25	1	25	79	63	31	166	11	1	7	3	2	557	600
ariasjo01	147	26	4	8	56	56	28	90	12	5	4	7	2	557	600
arrueer01	135	26	2	12	64	67	48	140	13	3	5	8	3	542	600
ascheco01	138	32	1	15	68	65	49	141	9	6	2	4	2	545	600
averyxa01	137	31	4	15	64	76	55	126	13	3	4	17	7	537	600
avilaal01	122	28	2	15	68	63	75	171	13	2	3	3	2	519	600
avilemi01	138	27	1	12	66	68	28	84	13	1	3	15	7	552	600
aybarer01	153	31	4	8	59	72	32	71	12	2	4	15	7	554	600
baezja01	120	23	2	19	61	70	46	190	13	2	4	12	3	549	600
bakerje03	141	29	4	17	70	67	44	136	17	3	4	7	2	546	600
bakerjo01	121	22	1	6	50	46	53	135	13	5	4	5	2	534	600
bantzbr01	139	28	2	16	66	69	50	121	13	4	5	9	3	540	600
barajro01	124	23	2	17	58	59	48	113	9	6	8	6	2	537	600
barmecl01	127	24	1	10	51	52	34	119	11	5	8	3	2	546	600
barnebr02	137	27	4	13	57	67	35	168	13	1	5	11	9	551	600
barneda01	130	27	3	9	52	64	40	80	14	4	6	6	2	547	600
barnhtu01	133	23	2	14	55	62	48	121	10	5	4	8	3	541	600
bartlja01	123	28	2	13	57	70	53	128	16	3	5	9	3	532	600
bartoda02	127	23	1	12	60	65	61	121	8	2	5	6	2	528	600
bautijo02	135	25	0	30	86	88	81	95	15	6	6	7	2	507	600
baxtemi01	126	30	4	10	49	67	60	120	8	5	10	13	6	525	600
bayja01	117	18	1	21	58	68	55	139	12	2	4	10	3	535	600
beckhgo01	134	31	1	13	56	68	39	101	16	2	7	6	2	546	600
beckhti01	143	28	2	16	67	71	50	119	13	4	5	9	3	539	600
belljo01	136	28	3	17	67	68	50	125	15	5	4	10	4	541	600
belnovi01	134	29	3	14	63	66	52	123	12	5	5	9	3	535	600
beltbr01	146	34	4	18	72	75	57	141	7	5	5	9	3	535	600
beltrad01	168	29	1	23	78	77	45	77	13	9	4	2	1	545	600
beltrca01	142	28	1	22	76	71	48	104	12	5	3	6	3	541	600
beltren01	141	27	2	14	63	74	45	117	13	3	6	10	7	543	600
berkmla01	131	26	3	13	63	62	63	109	13	6	3	6	2	528	600
bernaro01	125	26	2	12	53	62	53	134	10	4	9	16	4	532	600
bernido01	133	26	2	12	58	71	52	119	11	4	7	10	4	531	600
berryqu01	141	23	6	12	65	83	49	133	10	2	8	27	2	535	600
betanyu01	129	27	2	18	73	59	32	102	16	3	2	3	2	560	600
betemwi01	139	29	2	18	65	67	49	141	13	2	3	6	3	542	600
bethach01	142	25	2	10	61	60	39	132	14	2	5	8	4	553	600
bettsmo01	148	32	3	15	61	84	55	111	10	2	6	15	6	537	600
biancje01	130	22	2	10	63	59	38	120	11	2	3	8	5	551	600
bixlebr01	134	30	2	16	64	71	49	139	10	3	4	13	3	541	600
blackch02	158	30	3	16	64	77	31	103	6	3	10	20	7	552	600
blancan01	139	32	2	14	58	63	43	111	18	5	4	8	3	540	600
blancgr01	137	23	6	7	52	68	59	118	8	3	3	21	8	530	600
blanche01	116	24	1	13	59	57	46	122	13	2	4	6	2	542	600
blankky01	139	26	1	16	67	69	50	146	11	2	8	5	2	538	600
bloomwi01	158	28	4	6	54	70	31	101	9	2	3	8	8	559	600
blumge01	133	25	3	15	61	64	46	112	11	3	4	10	3	539	600
boescbr01	135	26	3	17	67	65	36	125	12	3	4	10	3	555	600
bogaexa01	135	30	2	13	55	67	45	143	12	2	7	5	3	542	600
bogusbr01	129	22	3	15	57	66	53	133	12	3	7	15	4	537	600
bonifem01	139	24	5	6	42	69	43	126	6	2	2	36	9	546	600
borboju01	131	25	3	13	52	66	53	118	9	3	4	16	4	538	600
boscajc01	138	28	3	15	64	66	46	115	12	3	6	9	3	541	600
bourgja01	138	23	5	13	58	73	45	108	12	3	4	13	7	547	600
bourjpe01	133	21	6	11	55	74	43	142	13	2	9	15	4	535	600
bourju01	142	27	2	13	68	69	53	127	9	4	4	7	3	540	600
bournmi01	143	23	8	7	49	76	49	135	5	1	3	22	9	542	600
bradlja02	119	28	2	8	53	72	49	161	13	2	7	11	1	542	600
brantmi02	163	35	3	13	76	74	47	67	12	5	4	17	4	543	600
brantro01	135	29	1	12	57	57	50	124	15	4	4	6	3	542	600
braunry02	154	31	4	24	87	79	51	120	15	8	6	16	6	539	600
brentbr01	143	30	3	13	63	73	44	132	11	3	5	9	3	546	600
brignre01	127	28	3	11	60	52	47	154	17	5	3	7	3	544	600
brownan02	130	25	1	20	72	67	49	144	14	2	4	7	3	540	600
brownco01	135	30	3	18	66	72	51	128	13	3	4	11	3	538	600
browndo01	139	27	3	19	81	66	46	113	10	5	2	8	2	548	600
brownga02	142	27	3	14	65	69	47	120	12	3	5	9	4	543	600
brownjo05	137	28	2	15	70	65	49	114	12	3	5	9	3	539	600
bruceja01	133	32	2	25	86	80	54	157	8	8	3	10	3	539	600
buckjo01	120	20	1	17	69	55	52	141	14	5	6	4	1	537	600
bucktr01	137	30	4	14	65	69	50	122	13	3	5	9	3	541	600
burnsbi02	139	28	3	14	64	76	48	121	12	3	5	16	6	542	600
burriem01	134	22	2	12	58	70	48	115	16	4	5	14	6	541	600
burrose01	136	28	3	16	66	68	49	116	13	3	5	11	4	540	600
bussni01	135	27	2	15	62	65	49	115	12	3	5	9	3	541	600
buterdr01	120	25	2	11	51	56	49	128	9	3	6	5	2	539	600
butlebi03	154	29	1	15	77	61	54	101	21	6	5	2	1	538	600
butleda01	137	32	3	13	64	65	47	124	14	3	5	9	3	543	600
butlejo04	137	29	2	14	62	69	53	129	12	3	5	9	3	537	600
byrdma01	146	28	3	21	76	67	34	150	9	4	7	4	3	552	600
cabreas01	136	33	3	15	66	72	47	113	14	2	7	10	3	540	600
cabreev01	137	24	4	7	43	68	49	127	6	1	3	39	10	537	600
cabreme01	165	31	5	13	67	80	43	80	14	3	2	8	3	549	600
cabremi01	168	35	1	30	106	90	62	97	19	12	3	3	1	529	600
cainlo01	152	31	4	9	67	70	39	130	12	2	5	24	5	550	600
cairomi01	129	27	4	13	60	58	38	102	13	2	4	12	3	550	600
calhoko01	147	31	3	19	70	90	48	121	9	1	3	7	4	544	600
callaal01	131	23	0	10	61	60	58	74	15	2	2	3	3	533	600
campato01	136	21	4	8	45	79	42	129	6	2	4	42	9	546	600
campber01	140	27	2	12	56	58	49	139	13	2	4	9	2	541	600
canoro01	164	36	1	20	81	75	55	79	17	13	5	7	2	537	600
canzlru01	144	27	2	18	70	70	46	124	10	4	4	9	3	546	600
cardead01	136	33	3	15	63	70	54	122	11	5	4	10	3	539	600
carlilu01	139	28	3	16	66	71	48	117	13	3	5	12	4	541	600
carpema01	150	36	4	9	63	90	68	99	6	2	6	4	3	518	600
carpmi01	130	30	3	14	75	67	58	140	15	2	9	5	2	528	600
carreez01	142	27	5	11	52	78	41	125	14	4	7	23	4	546	600
carrobr01	139	28	3	17	68	74	50	117	12	4	5	11	4	540	600
carroja01	132	22	1	6	45	66	49	89	10	1	4	8	4	535	600
carsoma01	144	24	2	15	65	69	45	124	10	3	5	13	3	543	600
cartech02	123	25	2	32	87	73	67	193	11	4	4	5	1	526	600
casalcu01	127	27	2	11	54	69	51	135	13	3	7	7	3	535	600
casilal01	132	28	3	9	60	68	41	108	11	2	4	27	4	543	600
casteal01	136	27	4	18	67	71	45	127	11	3	6	9	3	543	600
casteni01	144	32	4	13	69	59	42	143	9	3	4	5	3	550	600
castiru01	144	26	2	17	68	71	48	119	11	3	7	14	3	541	600
castiwe01	139	31	1	16	62	55	46	143	14	3	10	3	1	540	600
castrja01	135	32	2	18	67	65	53	158	11	3	6	3	1	537	600
castrst01	153	31	4	13	61	64	35	110	17	3	5	11	6	558	600
cecchga01	139	31	2	15	66	73	49	133	11	3	9	9	3	538	600
cedenro02	135	25	4	12	58	59	42	130	16	2	5	8	5	544	600
centeju01	138	25	2	13	63	62	49	120	15	3	5	8	3	543	600
cervefr01	147	33	3	14	61	74	50	130	14	2	10	7	2	537	600
cespeyo01	144	29	5	23	88	80	41	128	11	4	5	10	4	551	600
chambad01	134	25	5	14	62	70	52	136	10	8	5	11	6	537	600
chaveen01	141	25	2	8	48	54	32	84	11	2	2	8	5	551	600
chaveer01	142	27	3	21	75	64	53	113	15	5	3	6	1	535	600
chiriro01	132	28	1	19	65	65	38	124	10	2	9	4	2	543	600
chiselo01	145	32	2	17	69	69	43	118	12	2	7	5	2	547	600
choicmi01	120	21	2	17	71	57	48	142	18	2	6	6	2	542	600
choosh01	136	29	2	16	52	77	73	130	8	3	14	12	6	510	600
chrisju01	130	25	3	14	61	69	49	105	10	3	4	12	5	541	600
ciriape01	144	28	4	10	51	68	35	112	11	5	4	27	4	553	600
clarkco01	130	26	2	14	57	62	45	129	11	3	4	8	3	543	600
clarkma02	134	25	2	19	72	68	47	126	13	7	5	9	3	539	600
clemeje01	137	28	3	16	66	69	50	122	14	3	5	11	4	540	600
clevest01	129	34	3	9	58	59	48	119	21	3	3	5	3	547	600
coghlch01	141	32	5	11	55	62	52	115	10	3	4	8	4	538	600
colabch01	127	26	1	17	77	55	49	159	11	2	4	4	4	545	600
collity01	140	26	3	15	68	69	47	122	14	3	5	9	3	544	600
colonch01	146	34	4	12	66	73	47	112	12	3	5	12	3	543	600
colvity01	143	32	8	18	82	75	37	156	11	2	3	8	3	556	600
congeha01	131	29	2	13	59	60	48	133	14	3	7	3	4	539	600
conrabr01	118	27	2	17	66	59	46	151	11	2	4	7	3	543	600
constjo01	138	23	2	12	59	67	47	122	11	5	4	14	9	543	600
coopeda01	150	34	2	17	64	72	42	114	10	3	5	8	4	550	600
corpoca01	132	21	1	19	64	61	41	134	11	2	10	4	2	541	600
costami01	135	27	3	16	68	68	49	127	12	3	5	11	4	538	600
cousisc01	130	28	4	15	59	68	47	129	12	5	4	10	4	542	600
cowgico01	135	22	3	12	55	71	48	143	10	1	6	9	3	541	600
cozarza01	135	28	4	11	51	67	32	104	15	2	4	5	1	554	600
craigal01	148	31	1	15	84	70	44	120	15	1	7	4	1	545	600
crawfbr01	135	27	6	10	63	61	53	126	8	8	4	4	3	537	600
crawfca02	156	31	4	12	62	83	34	96	8	2	6	23	6	554	600
crispco01	134	25	4	15	59	81	62	79	7	2	1	24	5	528	600
croncj01	144	29	3	21	78	69	37	137	18	2	4	5	2	557	600
crowetr01	132	26	3	11	57	66	51	123	12	2	3	13	3	542	600
cruzlu01	135	28	1	12	64	62	33	101	15	3	6	7	2	554	600
cruzne02	144	30	1	29	89	74	47	129	13	4	5	6	3	543	600
cruzto03	129	28	3	9	65	60	40	116	20	3	4	4	5	551	600
cuddymi01	162	36	3	22	84	80	48	109	15	3	2	10	3	545	600
culbech01	130	24	3	12	65	59	38	145	16	5	7	11	5	546	600
cunniaa01	131	27	2	15	63	64	51	125	10	4	4	9	7	538	600
cunnito01	141	28	2	16	65	72	50	124	14	3	5	9	3	541	600
curtije01	138	28	2	16	65	69	52	121	13	3	7	9	3	537	600
damonjo01	132	23	4	14	59	67	46	97	8	2	3	11	2	545	600
danksjo02	130	21	1	14	53	67	56	162	12	3	3	18	7	537	600
darnach01	139	28	3	17	70	75	50	122	12	4	5	13	4	540	600
darnatr01	133	29	3	16	59	65	50	107	18	5	3	4	1	544	600
darneja01	141	29	3	18	68	71	52	118	16	4	5	11	4	539	600
davidma02	138	32	2	17	72	68	56	134	12	4	5	8	4	536	600
davisch02	133	27	1	35	97	82	59	180	6	9	8	4	2	528	600
davisik02	121	27	1	21	74	66	77	137	12	5	2	3	3	520	600
daviskh01	138	38	2	24	79	80	41	134	14	1	10	7	2	544	600
davisra01	147	30	3	11	56	77	35	109	11	2	6	47	11	552	600
deazaal01	142	27	6	12	54	73	47	128	7	2	6	19	9	540	600
deckeja01	133	26	2	16	63	68	50	123	12	3	5	9	5	538	600
dejesda01	134	32	5	12	52	68	57	101	11	1	8	6	6	529	600
dejesiv02	139	30	3	16	68	73	50	127	13	3	4	12	5	540	600
dendema01	134	30	1	9	50	73	57	133	8	2	5	18	8	536	600
denorch01	144	25	5	11	51	73	45	104	13	1	2	14	4	547	600
derosma01	126	28	2	14	69	64	59	114	15	3	3	5	2	528	600
descada01	130	30	4	8	55	68	51	112	10	5	6	9	5	536	600
desmoia01	150	31	3	22	79	73	42	146	16	2	5	20	5	551	600
dewitbl01	137	29	3	16	64	68	47	113	13	3	5	10	4	541	600
diazjo02	129	25	2	12	62	66	46	130	12	3	8	10	3	537	600
diazju02	142	28	3	17	68	77	51	125	17	4	6	11	4	539	600
diazma02	133	28	2	14	64	63	47	111	14	4	3	8	3	543	600
dickech01	133	25	1	16	60	74	48	155	10	2	3	17	3	543	600
dickeco01	158	34	7	23	80	88	48	127	8	5	2	9	7	545	600
dietrde01	128	26	4	18	63	85	42	134	7	2	17	6	1	538	600
dirksan01	150	26	4	14	57	81	50	108	9	3	3	7	2	543	600
dobbsgr01	137	24	2	9	59	51	39	100	12	8	6	6	3	545	600
dominch01	132	26	3	16	64	65	47	123	16	5	5	9	3	543	600
dominma01	132	22	1	19	70	60	34	118	20	2	5	2	1	554	600
donalja01	134	24	3	15	64	75	44	135	9	3	7	13	3	542	600
donaljo02	143	30	2	22	81	79	61	113	14	3	6	7	1	530	600
doumiry01	136	30	1	17	69	58	43	121	14	4	4	3	1	547	600
downsma01	132	23	3	20	63	65	43	120	14	4	7	10	7	546	600
doziebr01	130	29	2	18	64	81	59	116	11	1	6	16	6	528	600
drewst01	121	30	5	15	65	61	59	142	8	4	2	6	2	534	600
dudalu01	128	26	1	24	77	70	70	146	8	5	8	3	3	519	600
duffyma01	142	27	2	12	68	65	41	127	12	3	8	8	5	545	600
duncash01	123	24	2	19	66	67	58	124	18	3	3	7	4	533	600
dunnad01	113	19	0	29	79	65	78	179	6	5	4	3	1	513	600
duvalad01	133	25	2	17	59	67	43	132	10	3	6	7	3	547	600
dysonja01	141	18	7	6	46	77	51	113	11	2	2	56	11	536	600
eatonad02	151	28	9	6	48	86	50	104	7	1	8	14	8	539	600
eldrebr01	138	28	4	16	66	69	49	121	12	3	5	11	4	540	600
ellisaj01	121	22	1	12	59	53	70	111	19	7	6	2	1	512	600
ellisma01	132	21	2	8	50	62	42	99	6	3	9	7	2	538	600
ellsbja01	152	29	5	12	60	76	45	93	10	3	3	36	4	547	600
elmorja01	133	26	2	12	54	62	52	108	10	2	3	7	9	539	600
encared01	141	27	1	34	99	84	72	86	15	7	5	7	2	520	600
escobal02	151	28	5	5	52	66	26	91	12	2	5	26	4	559	600
escobed01	144	35	3	10	51	72	40	125	7	2	3	5	3	551	600
escobyu01	138	24	1	10	53	55	49	79	18	2	4	4	2	539	600
espinda01	127	30	3	15	53	64	38	174	10	5	12	14	3	546	600
ethiean01	142	32	4	13	69	62	54	114	11	7	8	4	3	534	600
evansni01	140	30	3	17	73	66	46	133	11	3	5	9	3	544	600
exposlu01	136	27	3	16	66	73	53	122	12	4	5	11	4	538	600
faluir01	139	27	3	12	57	66	47	105	14	4	4	9	5	541	600
farrier01	139	28	3	17	68	73	51	121	12	4	5	13	4	539	600
federti01	125	28	1	14	59	53	42	150	16	7	4	5	2	545	600
fieldpr01	146	29	1	21	83	70	68	94	16	12	9	2	1	520	600
fieldth01	136	26	2	15	61	71	49	125	12	3	5	9	3	542	600
figgich01	120	23	3	10	47	63	60	123	9	2	4	14	4	522	600
figueco01	136	27	4	12	66	68	48	111	10	3	5	8	3	539	600
flahery01	127	26	2	17	65	65	43	136	8	4	9	5	1	543	600
floreje02	132	27	3	15	63	61	41	121	12	5	4	7	4	549	600
florewi01	140	30	2	13	69	65	38	104	12	4	3	5	2	555	600
floripe01	120	23	3	11	55	64	48	143	12	2	3	19	5	541	600
flowety01	128	25	1	20	64	62	39	194	14	1	9	3	2	549	600
fontemi01	143	24	2	14	59	71	47	119	12	5	5	9	4	542	600
fordle01	132	26	2	17	60	66	49	111	14	3	4	10	3	539	600
forsylo01	131	23	3	13	52	66	48	123	14	2	7	10	2	540	600
fowlede01	143	24	6	13	54	80	75	134	8	2	4	16	7	517	600
francbe01	130	29	3	15	55	59	47	127	8	2	4	6	3	544	600
francje02	128	25	3	14	52	59	37	127	14	6	5	7	4	555	600
francju02	128	27	2	26	79	66	49	196	10	3	5	3	4	543	600
francma02	134	27	2	12	64	67	43	129	12	3	5	8	3	548	600
frandke01	145	24	3	9	53	59	30	79	16	2	14	4	2	549	600
frankni01	125	28	3	16	65	62	56	161	8	2	3	10	2	539	600
frazito01	141	27	3	23	76	74	49	129	11	2	8	11	5	539	600
freemfr01	152	33	3	19	86	85	69	127	13	5	7	3	2	523	600
freesda01	144	29	1	14	71	66	52	132	19	1	7	3	3	536	600
freimna01	140	28	2	17	73	58	44	117	21	3	5	5	2	546	600
fryerer01	136	29	2	14	61	71	49	120	10	3	5	9	3	542	600
fuentre01	136	26	2	15	63	71	51	139	12	3	5	14	3	541	600
fukudko01	132	25	3	14	64	64	53	113	11	3	4	10	5	533	600
fuldsa01	127	20	6	8	54	66	56	99	8	2	2	24	6	532	600
furcara01	137	22	4	9	57	72	47	87	10	2	2	11	4	541	600
galvifr01	129	26	5	16	64	57	40	123	12	3	3	5	1	552	600
gamelma01	140	27	4	16	66	74	48	121	11	3	5	13	3	541	600
garciav01	148	23	3	18	77	71	41	137	16	3	5	10	6	551	600
garcigr01	135	29	3	14	63	68	48	129	12	3	11	9	3	536	600
garcile02	121	20	2	9	44	62	39	158	14	3	3	26	5	548	600
gardnbr01	139	28	7	13	56	80	53	126	6	1	6	20	6	529	600
gattiev01	141	29	1	29	84	67	38	136	14	5	8	3	1	550	600
gennesc01	160	35	4	14	67	73	35	104	11	4	2	8	4	552	600
gentrcr01	145	23	5	6	49	79	47	105	9	4	13	34	7	534	600
getzch01	132	24	4	8	53	68	45	84	15	4	3	25	6	536	600
giambja01	110	22	1	16	61	53	60	120	17	5	7	4	2	521	600
giavojo01	136	27	2	12	63	74	42	110	12	2	7	9	4	547	600
gillaco01	145	30	4	13	64	64	47	106	9	5	3	2	3	546	600
gilleco01	133	24	2	11	54	65	49	114	15	3	5	9	5	538	600
gimench01	137	33	2	9	59	64	51	127	15	3	3	6	3	542	600
gimenhe01	134	28	2	15	67	67	49	129	11	4	7	7	3	535	600
gindlca01	132	27	4	16	60	65	63	116	8	3	3	8	3	529	600
glennbr01	133	26	3	13	60	63	47	126	12	3	5	9	3	542	600
goebbja01	132	21	7	12	61	67	53	138	9	7	7	10	4	537	600
goinsry01	130	25	4	10	55	58	31	131	11	2	3	5	3	557	600
goldspa01	152	40	2	25	93	89	75	134	15	11	3	14	4	519	600
gomesjo01	128	22	1	19	75	69	65	152	10	4	9	4	1	516	600
gomesya01	151	30	3	22	79	74	36	138	17	3	7	3	1	551	600
gomezca01	150	30	6	22	71	87	41	138	10	1	12	35	8	541	600
gomezhe01	135	28	3	13	62	67	47	133	11	3	5	9	3	543	600
gomezma01	143	28	5	16	74	74	49	125	15	3	4	9	3	542	600
gonzaad01	154	35	1	20	94	69	46	101	11	6	3	2	1	543	600
gonzaal02	127	22	3	13	61	66	39	112	11	2	5	6	3	550	600
gonzaal03	136	26	3	14	63	69	40	117	12	4	4	8	3	549	600
gonzaca01	152	32	5	26	86	88	53	141	12	6	2	18	4	542	600
gonzama01	141	29	1	12	49	66	38	111	15	1	4	9	6	550	600
gonzami04	141	28	2	16	66	69	50	125	13	4	5	9	3	541	600
gordoal01	146	32	3	16	67	79	55	120	9	4	7	10	3	535	600
gordode01	150	22	8	5	40	79	38	111	6	2	4	50	15	553	600
gorete01	139	28	3	15	65	80	48	124	12	3	8	21	4	539	600
gosean01	132	24	6	9	47	72	49	157	15	1	7	26	9	538	600
gosewtu01	133	30	2	10	52	50	33	116	19	2	3	6	2	557	600
gosseph01	144	25	2	11	47	73	41	125	10	3	6	9	5	548	600
grahaty01	140	28	3	17	68	73	50	121	12	4	5	11	5	540	600
grandcu01	122	24	3	23	67	75	66	144	4	2	5	10	3	524	600
grandya01	128	28	2	18	72	70	76	138	12	3	4	5	1	517	600
greenad01	139	28	3	17	67	70	49	118	12	4	5	11	4	539	600
greengr01	143	30	2	11	66	62	39	136	14	2	4	6	7	550	600
greenni01	133	28	2	14	61	60	43	119	11	3	9	7	3	536	600
greenta01	132	31	2	17	71	67	52	123	13	3	6	9	3	537	600
greenty02	134	27	4	18	60	68	42	150	12	3	3	15	5	548	600
gregodi01	134	24	6	13	55	72	51	112	7	6	7	5	2	538	600
grichra01	141	30	4	15	59	66	43	139	15	2	4	7	6	549	600
grossro01	133	25	2	11	56	65	65	146	10	2	4	12	7	526	600
guerral01	134	26	3	14	61	64	46	130	12	3	5	9	3	544	600
gutiefr01	141	30	2	22	73	70	39	131	13	2	4	11	4	551	600
guyerbr01	140	30	2	11	59	74	40	115	9	2	14	11	3	535	600
guzmaje01	126	28	2	15	65	58	54	143	9	3	3	8	2	540	600
gwynnto02	122	20	5	7	45	67	49	115	10	4	3	17	6	537	600
gyorkje01	130	28	1	19	72	64	46	139	14	2	5	4	2	547	600
hafnetr01	120	20	3	21	70	61	59	126	13	4	10	5	1	525	600
haguema01	138	26	3	14	66	67	46	120	14	3	5	11	3	544	600
hairsje02	132	25	2	11	60	53	45	82	15	3	5	5	3	539	600
hairssc01	132	29	2	23	75	67	36	132	13	1	5	9	2	549	600
hallbi03	137	27	3	17	66	71	55	122	12	5	5	11	4	534	600
haltose01	138	27	2	18	73	65	45	134	12	3	8	7	3	541	600
hamilbi02	141	27	6	9	54	77	40	122	4	1	2	50	18	549	600
hamiljo03	141	30	2	23	84	76	50	150	10	7	5	6	3	537	600
hanigry01	124	22	1	9	58	48	64	84	13	11	7	3	1	520	600
hannaja01	128	27	2	9	56	53	51	128	16	2	4	4	3	539	600
hardyjj01	143	27	1	17	62	65	35	95	14	3	3	2	1	556	600
harpebr03	146	26	5	22	65	85	64	137	9	4	4	12	5	530	600
harribr01	132	25	2	17	59	68	44	125	12	3	5	7	4	542	600
harrijo05	159	33	7	14	59	80	30	97	10	1	7	17	6	555	600
harriwi01	131	30	3	15	62	69	47	113	11	3	4	11	5	540	600
hartco01	134	29	2	21	68	69	43	136	10	4	10	6	1	543	600
hassaal01	137	27	3	14	62	68	49	130	12	3	5	9	3	541	600
hawpebr01	134	24	2	14	61	64	52	127	11	3	4	8	3	537	600
hayesbr01	128	29	2	13	51	59	37	146	10	5	3	8	2	556	600
headlch01	136	28	2	18	68	68	64	137	12	3	8	10	4	526	600
hechaad01	144	22	8	5	48	51	33	107	19	3	2	9	7	557	600
heisech01	135	28	4	16	54	71	34	128	10	1	7	12	3	549	600
heltoto01	131	29	2	17	73	60	57	108	9	2	2	4	2	532	600
hermije01	140	28	4	16	67	70	51	121	12	5	5	12	4	539	600
hernace02	143	23	1	9	51	71	47	134	10	3	4	6	6	545	600
hernaen02	139	28	6	14	66	67	52	117	10	2	5	7	2	541	600
hernago01	131	23	5	15	63	71	50	131	11	3	7	16	5	540	600
hernalu01	140	28	3	17	68	72	50	118	12	4	5	11	4	540	600
hernara02	130	27	2	17	70	59	41	104	17	3	4	7	3	545	600
herredi01	137	23	4	18	74	68	53	134	16	3	4	8	3	540	600
herreel01	143	29	3	8	50	68	44	136	11	3	4	12	4	547	600
herrejo03	142	21	5	8	51	62	44	105	14	5	5	9	6	538	600
herrmch01	126	26	1	12	59	63	50	139	12	2	3	6	3	542	600
hestejo01	135	24	2	17	60	76	52	126	11	3	5	9	3	537	600
heywaja01	143	28	3	17	64	82	62	115	6	2	6	15	5	533	600
hicksaa01	118	24	3	12	57	69	65	149	6	1	3	13	6	526	600
hicksbr01	111	24	2	18	61	69	63	167	12	5	5	5	3	526	600
hillaa01	148	33	3	17	70	70	42	94	14	3	5	7	4	548	600
hillko01	129	25	2	11	49	59	39	124	10	2	4	7	3	550	600
hillst01	140	29	3	17	67	72	49	121	12	4	5	11	4	541	600
hinsker01	125	28	3	13	61	55	52	133	15	4	3	7	2	539	600
hoeslj01	134	26	3	12	54	70	47	128	16	2	3	11	3	544	600
holadbr01	136	24	3	9	59	68	40	124	12	2	5	7	3	541	600
hollima01	147	31	1	20	83	82	64	98	19	4	10	5	2	522	600
holtbr01	147	27	5	7	49	79	45	118	9	1	3	12	3	541	600
holtty01	142	25	2	11	54	60	43	141	11	3	6	11	6	545	600
hosmeer01	149	32	2	14	68	71	48	104	13	4	3	10	3	546	600
howarry01	126	23	2	21	85	62	54	168	11	7	6	2	1	533	600
hudsoor01	128	19	8	12	63	59	46	112	12	3	3	12	5	544	600
huffau01	130	27	2	14	62	64	58	107	13	4	4	9	3	531	600
hughelu01	137	27	3	16	68	68	48	127	12	3	5	12	4	541	600
hundlni01	127	24	1	16	63	53	39	144	10	4	5	4	2	549	600
hunteto01	160	30	2	16	79	75	30	105	14	1	6	5	2	555	600
iannech01	124	27	1	15	65	65	80	142	9	3	7	4	2	507	600
ibanera01	121	23	3	22	68	60	52	120	11	3	2	4	2	541	600
iglesjo01	149	27	3	10	54	66	37	112	13	2	13	9	3	544	600
inciaen01	151	26	3	9	48	73	40	93	7	1	2	20	4	554	600
infanom01	153	27	4	11	64	63	32	74	10	2	2	11	3	557	600
ingebr01	125	24	1	16	72	58	40	141	13	2	4	5	2	548	600
ishiktr01	135	28	3	15	79	61	47	144	13	5	7	5	2	537	600
izturce01	133	28	3	10	55	53	37	86	17	4	3	6	3	549	600
izturma01	136	22	1	9	49	59	44	80	15	1	3	12	5	545	600
jacksau01	147	29	6	10	54	85	53	132	12	1	3	13	6	539	600
jacksbr01	126	28	3	17	61	69	64	156	10	3	4	8	6	530	600
jacksry02	135	27	3	16	65	71	49	122	13	3	5	10	4	542	600
jacobmi02	138	28	3	16	67	73	52	119	11	5	5	10	4	537	600
janispa01	125	26	3	10	53	69	51	115	12	2	5	8	2	540	600
jasojo01	138	30	3	14	69	72	68	106	11	2	8	7	1	519	600
jayjo02	152	25	3	7	61	74	44	102	15	5	16	12	5	529	600
jennide01	134	30	4	14	52	81	56	124	9	1	5	21	6	532	600
jeterde01	148	21	1	8	49	59	37	82	15	1	5	8	2	548	600
jimenlu01	135	27	3	16	65	68	49	118	12	3	5	11	4	540	600
jimenlu02	136	30	2	10	54	70	36	137	13	2	10	6	5	546	600
johnsch05	158	31	2	13	70	55	32	144	21	3	3	5	1	561	600
johnsda06	132	26	2	17	69	76	60	115	11	4	6	8	3	525	600
johnsel02	127	22	4	11	55	62	42	141	9	2	3	29	6	545	600
johnske05	124	23	3	18	63	63	57	146	8	2	4	10	4	534	600
johnsni01	132	27	2	18	66	66	52	123	14	3	8	11	3	534	600
johnsre02	140	32	3	9	58	64	27	118	11	2	14	4	3	550	600
johnsro07	135	26	4	13	61	62	49	114	15	5	4	8	3	540	600
jonesad01	158	30	2	26	84	84	26	119	12	2	9	10	3	562	600
jonesan01	124	23	2	22	69	65	54	131	9	3	7	7	2	532	600
jonesch06	142	28	1	17	72	71	60	87	16	6	3	6	2	528	600
jonesga02	137	34	3	20	71	66	45	126	10	3	2	3	1	547	600
jonesja06	142	22	6	6	38	79	34	125	10	2	2	33	3	557	600
josepca01	125	24	1	17	63	58	43	138	13	2	6	5	3	539	600
josepco01	139	30	2	16	65	71	52	121	13	3	5	9	3	539	600
joycema01	128	27	2	17	66	70	71	127	12	3	5	6	5	518	600
kaaihki01	138	31	2	17	67	68	49	120	16	3	5	10	3	543	600
kalisry01	138	24	7	9	49	68	44	131	15	3	3	13	7	548	600
kawasmu01	128	17	4	5	49	64	52	103	10	1	6	9	3	524	600
kearnau01	132	24	2	15	59	69	58	128	17	3	9	9	3	528	600
kellydo01	125	19	3	10	47	72	58	96	13	3	4	11	2	530	600
kempma01	153	34	2	23	83	81	52	144	18	5	2	11	4	541	600
kendrho01	159	29	4	10	67	69	37	108	18	5	5	11	5	552	600
kennead01	136	26	3	13	59	67	54	108	13	3	4	8	3	527	600
keppije01	152	22	2	11	58	60	36	70	17	2	3	3	2	553	600
kiermke01	143	28	9	16	62	64	43	123	8	3	5	9	5	544	600
kiescro01	131	21	3	12	55	59	48	147	13	5	4	6	2	545	600
kinslia01	147	32	3	14	69	82	40	73	12	1	6	14	6	547	600
kipnija01	139	28	3	12	65	75	61	117	13	3	3	25	5	530	600
koberje01	131	25	2	15	59	78	54	118	11	3	8	13	6	534	600
komater01	138	25	3	15	63	71	53	113	14	3	4	10	4	538	600
konerpa01	137	21	1	17	64	54	47	97	15	3	6	2	1	541	600
kotchca01	129	20	1	15	66	61	40	84	16	2	6	7	2	549	600
kotsama01	129	22	1	11	55	49	45	93	9	3	3	5	5	543	600
kottage01	118	22	2	22	71	65	79	149	11	4	4	6	2	511	600
kouzmke01	147	34	2	15	71	70	43	113	14	5	8	8	3	543	600
kozmape01	134	30	3	8	58	68	50	125	11	8	2	7	2	543	600
kratzer01	129	25	1	22	72	61	42	120	18	6	4	4	1	546	600
krausma01	123	27	1	16	62	57	53	150	15	2	4	6	2	541	600
kubelja01	129	26	3	18	73	62	58	163	11	7	2	4	2	535	600
lagarju01	146	31	5	8	61	61	34	128	10	3	6	13	5	551	600
lahaibr01	140	28	2	21	66	70	56	158	13	4	3	9	4	538	600
lairdbr01	133	27	2	21	72	66	45	139	14	3	7	8	3	545	600
lairdge01	135	28	2	8	50	60	49	104	15	3	5	5	2	539	600
lakeju01	137	28	3	16	52	63	36	171	8	1	5	11	6	556	600
lallibl01	133	25	2	14	65	65	46	122	11	3	4	9	3	544	600
lambja01	137	25	3	16	61	70	42	142	15	2	4	8	4	550	600
lamboan01	141	33	2	14	58	67	44	130	14	3	4	8	4	548	600
langery01	138	26	2	15	61	70	50	116	12	3	5	11	3	537	600
laporma01	141	27	3	16	67	66	45	127	12	3	6	10	3	544	600
larocad01	132	24	1	24	80	71	70	121	12	8	2	4	1	520	600
larocan01	137	27	2	16	64	67	49	119	12	3	5	9	3	540	600
lasteto01	136	28	2	7	58	51	56	92	13	3	3	6	3	536	600
lavarry01	129	32	2	13	67	61	42	131	16	2	5	6	2	548	600
lawribr01	144	26	3	18	68	69	42	107	9	1	8	10	5	547	600
leeca01	139	26	2	12	70	58	53	74	12	4	2	6	2	538	600
lemahdj01	152	25	5	7	51	66	37	110	16	6	2	14	9	551	600
leonsa01	129	25	2	13	57	66	52	140	12	3	6	8	3	540	600
lerudst01	138	27	3	16	65	70	48	125	13	3	5	10	4	542	600
lewisfr02	136	26	3	16	63	69	52	117	11	5	6	10	4	536	600
liddial01	134	27	3	16	62	63	49	154	9	3	4	10	4	543	600
lillibr01	122	23	2	12	54	66	40	151	10	2	6	19	4	546	600
linch01	142	28	3	17	68	73	50	126	12	4	5	11	4	541	600
lindad01	154	33	3	19	75	69	54	110	18	5	1	3	1	541	600
liriary01	134	23	2	12	55	68	48	149	18	4	7	13	4	541	600
lobatjo01	132	28	2	11	56	62	53	137	13	2	3	3	2	539	600
lombast02	150	26	3	8	48	60	30	90	9	2	6	9	4	556	600
loneyja01	155	28	0	11	66	56	42	82	19	5	2	4	2	552	600
longoev01	141	28	2	23	81	76	56	127	15	9	5	4	1	533	600
lopezjo01	141	31	2	14	69	62	40	113	16	2	3	7	3	551	600
lopezra02	136	26	3	14	63	64	50	125	12	3	5	9	3	538	600
loughda01	145	26	6	12	57	75	37	106	10	1	5	13	6	546	600
lowrije01	142	34	2	13	63	68	53	93	13	3	4	2	1	537	600
lucased01	140	22	1	8	47	65	39	128	11	2	3	5	2	550	600
lucrojo01	158	37	4	16	77	69	53	79	15	3	4	7	3	539	600
ludwiry01	137	30	1	19	74	54	48	127	12	2	5	2	2	540	600
lunahe01	138	26	3	17	70	67	47	118	12	3	4	9	3	543	600
lutzdo01	135	29	2	12	60	60	42	140	9	4	4	10	3	551	600
lutzza01	138	29	2	15	64	68	56	126	13	3	4	9	3	536	600
machama01	156	35	3	17	65	75	34	115	17	2	3	6	3	557	600
mahonjo01	141	28	2	16	68	67	46	117	12	3	5	9	3	545	600
maiermi01	132	25	4	17	66	70	52	130	10	3	4	12	3	536	600
maldoca03	135	27	3	16	66	68	50	118	12	3	5	11	4	537	600
maldoma01	128	25	2	17	70	59	46	140	12	3	7	4	2	540	600
marisja01	135	23	2	11	54	58	36	149	9	5	6	18	6	550	600
markani01	149	25	1	12	53	73	51	76	12	3	4	3	2	541	600
marrech01	138	27	2	15	65	67	48	123	12	3	5	9	3	543	600
marsolo01	129	26	4	11	56	71	69	117	17	2	4	11	4	523	600
marteal01	124	29	3	12	60	60	45	144	11	2	6	8	2	545	600
martean01	136	26	3	15	66	64	44	119	11	3	5	9	3	544	600
martest01	153	29	8	15	56	82	36	148	8	1	17	34	13	543	600
martife02	136	28	3	20	68	66	44	138	10	3	10	8	4	542	600
martijd02	153	32	3	21	83	63	42	150	15	3	3	6	3	551	600
martile01	145	22	7	10	54	75	41	125	7	2	5	32	10	544	600
martilu02	137	27	3	16	66	71	48	120	12	4	6	11	4	541	600
martimi02	121	22	2	12	54	62	41	127	13	6	3	8	2	548	600
martiru01	128	25	0	18	73	62	68	117	17	3	11	8	4	516	600
martivi01	163	30	0	20	81	70	55	59	17	15	3	3	2	535	600
mastrda01	127	20	3	12	58	70	46	138	17	2	4	26	5	540	600
mathejo02	131	28	2	15	61	62	45	117	11	3	4	12	4	545	600
mathije01	118	25	1	13	61	52	44	165	9	5	2	4	1	544	600
matsuhi01	126	22	2	15	60	62	47	114	15	4	4	8	3	542	600
mattike01	139	28	3	17	68	72	50	122	12	4	5	11	4	540	600
mauerjo01	155	33	2	10	67	73	71	104	14	10	2	5	2	524	600
maxweju01	130	28	4	20	70	75	51	169	10	1	7	12	6	537	600
maybejo02	130	33	1	18	65	68	49	134	13	2	4	5	2	544	600
maybica01	132	26	5	9	50	68	47	122	15	3	4	19	7	545	600
maysoed01	139	25	4	16	63	70	47	113	12	3	5	11	3	540	600
mcbrima02	135	27	2	18	73	72	42	130	14	3	7	8	3	546	600
mccanbr01	131	20	1	25	82	63	48	98	16	4	6	3	1	543	600
mccanja02	140	29	3	14	62	70	46	123	12	3	5	12	3	544	600
mccoymi01	134	26	3	16	68	75	49	110	12	3	4	12	5	541	600
mccutan01	162	33	5	22	79	87	70	110	10	9	7	19	7	520	600
mcdonda02	137	32	2	15	62	71	52	109	15	2	3	8	4	537	600
mcdonjo03	120	22	1	12	53	53	43	108	12	5	6	6	3	538	600
mcgehca01	143	26	1	8	67	56	55	102	22	2	2	5	2	538	600
mcguich01	137	27	2	15	62	63	46	132	13	3	5	8	3	545	600
mckenmi01	140	29	1	21	73	64	55	134	15	3	5	4	4	536	600
mclouna01	129	29	3	12	43	69	54	107	7	2	6	22	5	534	600
medicto01	137	26	3	19	66	71	45	154	11	2	6	11	3	546	600
mercejo03	144	32	3	14	58	62	41	107	13	10	5	6	3	546	600
mesame01	144	31	2	15	67	71	50	119	12	3	5	9	5	541	600
mesorde01	137	30	1	24	85	67	52	127	11	6	8	3	4	536	600
middlwi01	133	29	1	20	78	63	39	157	18	3	6	7	3	552	600
millebr02	133	24	6	15	62	73	49	126	6	2	3	8	4	542	600
milleco01	136	31	2	13	67	61	50	110	12	3	6	8	3	537	600
molinjo01	120	19	1	8	45	44	40	121	17	1	4	7	2	544	600
molinya01	162	35	0	15	72	67	41	75	15	5	5	6	2	547	600
moneljo01	138	27	2	15	66	71	49	122	12	3	7	9	3	540	600
monteje01	141	22	2	18	68	57	41	117	15	4	3	4	3	552	600
montemi01	132	24	1	15	74	57	64	124	16	8	8	2	2	523	600
montzlu01	136	30	2	16	68	66	47	122	11	3	4	8	3	541	600
mooread01	137	30	2	15	63	67	51	125	11	5	5	11	3	539	600
mooresc02	139	29	2	20	69	69	48	130	11	4	10	7	3	536	600
moorety01	136	27	1	20	78	64	44	158	10	2	5	6	2	548	600
moralke01	141	30	1	19	72	59	43	113	16	4	4	2	1	549	600
morelbr01	126	23	2	10	56	64	48	138	14	4	3	12	5	541	600
morelmi01	136	29	2	21	74	69	48	132	14	3	3	3	1	541	600
morgany01	137	19	4	11	52	76	47	112	9	2	7	18	6	533	600
morneju01	151	32	2	17	79	65	45	94	12	5	6	2	2	541	600
morrilo01	136	29	3	17	66	65	54	109	16	4	5	6	2	540	600
morsemi01	145	30	2	21	70	65	37	142	20	1	7	2	1	551	600
mossbr01	133	28	2	29	90	80	61	159	8	5	8	4	2	528	600
moustmi01	129	30	1	18	65	61	43	109	12	2	5	4	2	548	600
moyast01	143	28	3	14	64	72	48	127	12	3	5	10	4	543	600
murphda07	140	32	2	14	68	64	51	87	10	4	3	6	5	540	600
murphda08	159	35	3	10	63	73	36	88	13	3	2	14	3	558	600
murphdo01	128	25	2	21	68	68	44	151	11	3	9	6	3	539	600
murphjr01	143	29	2	12	64	66	44	139	9	3	4	7	3	550	600
myerswi01	139	30	1	16	72	73	56	147	16	6	2	10	3	540	600
nadyxa01	122	24	3	18	59	60	50	121	21	4	4	8	2	541	600
napolmi01	128	28	2	23	78	71	78	167	14	4	6	3	2	513	600
navada01	144	32	1	11	65	73	55	115	10	2	13	5	2	524	600
navardi01	152	24	1	18	77	57	42	96	12	2	3	4	1	549	600
navaref01	137	30	3	10	59	64	49	111	7	5	3	8	6	542	600
navarya01	136	23	4	15	64	68	51	127	14	3	4	9	6	539	600
nealth01	137	27	3	15	64	69	48	124	13	3	7	9	3	541	600
negrokr01	143	32	3	18	65	72	48	136	11	2	5	13	2	543	600
nelsoch01	144	25	5	12	71	64	45	138	18	4	3	7	4	547	600
nickemi01	130	25	2	14	67	64	48	122	11	3	6	9	3	539	600
nietoad01	136	28	2	13	56	60	47	148	14	2	5	7	4	540	600
nieuwki01	133	33	3	15	67	73	58	164	8	5	3	12	4	534	600
nievewi01	149	29	1	9	55	54	30	117	14	3	4	5	2	556	600
nishits01	136	28	3	16	68	70	50	117	12	4	5	11	4	538	600
nixja01	123	23	2	11	53	61	44	148	11	2	8	16	5	535	600
nixla01	129	29	2	14	59	63	47	150	10	4	3	7	2	545	600
noonani01	137	24	2	12	57	70	47	125	11	7	4	7	3	547	600
norride01	135	28	2	16	74	69	67	135	14	3	4	8	2	527	600
nunezed02	143	27	7	10	62	73	35	101	12	2	5	22	6	550	600
odorro01	144	24	7	14	71	64	35	116	12	2	7	8	8	550	600
olivomi01	131	24	2	19	60	59	33	144	14	2	2	7	6	559	600
olmedra01	140	28	3	15	62	75	45	118	12	3	4	10	4	544	600
oltmi01	111	24	1	21	73	61	56	184	10	2	6	6	4	530	600
omallsh01	137	26	3	14	63	70	45	133	12	3	5	13	3	544	600
orrpe01	141	29	3	13	63	66	44	129	10	3	4	12	4	543	600
ortegra01	143	29	3	17	70	74	53	125	13	4	6	13	4	537	600
ortizda01	145	31	1	29	92	72	70	91	16	20	2	3	1	519	600
overbly01	130	29	1	13	66	54	53	126	16	3	2	4	1	539	600
owingch01	146	30	7	12	57	66	41	126	9	2	4	13	2	551	600
ozunama01	149	29	5	18	79	72	41	149	13	1	3	6	2	553	600
pachejo01	152	35	3	7	62	58	34	95	15	2	5	6	2	557	600
paganan01	156	32	7	8	52	82	43	88	7	3	1	21	7	550	600
pagnoma01	135	26	2	15	60	65	48	115	12	3	5	9	3	542	600
panikjo01	157	25	4	8	52	68	42	98	11	2	3	5	2	552	600
paredji01	133	25	2	12	59	67	41	149	9	2	4	16	7	549	600
parkeky01	137	28	3	13	61	64	44	143	11	3	5	9	3	546	600
parmech01	134	27	2	15	58	57	49	143	13	1	6	3	4	543	600
parrage01	145	31	3	11	49	73	43	106	10	4	4	12	8	545	600
parrian01	121	28	2	12	52	59	52	139	12	9	6	7	2	535	600
pastoty01	136	23	4	11	54	71	48	120	12	3	4	8	4	537	600
pauliro01	141	28	3	14	65	68	44	112	18	3	4	10	3	546	600
paulsbe01	148	30	2	19	70	69	42	134	12	5	6	8	3	547	600
paulxa01	136	28	2	16	67	64	57	129	13	6	5	8	4	535	600
pearcst01	143	34	1	23	72	70	59	120	8	3	8	7	2	528	600
pederjo01	131	25	2	13	58	63	62	133	13	3	5	9	3	529	600
pedrodu01	154	34	1	10	63	75	53	74	15	3	3	12	5	539	600
pegueca01	136	28	4	18	69	66	47	149	10	5	4	11	3	545	600
peguefr01	138	27	2	16	62	78	47	120	15	3	4	16	3	545	600
penabr01	145	28	2	10	54	48	32	80	14	2	2	4	4	557	600
penaca01	109	22	2	16	54	67	70	153	10	4	8	5	4	517	600
penara02	139	26	2	14	55	59	48	125	7	5	3	6	4	539	600
pencehu01	148	26	5	20	77	82	47	113	13	3	4	12	3	546	600
pennicl01	130	24	4	8	43	63	52	115	8	3	4	13	4	538	600
peralda01	153	24	10	14	64	70	37	114	14	1	3	10	5	556	600
peraljh01	143	35	1	17	70	62	51	115	16	3	4	4	3	541	600
perezau01	139	28	3	15	65	69	51	124	13	3	5	9	4	539	600
perezeu01	138	27	3	15	62	76	47	127	12	3	5	18	3	544	600
perezhe01	136	23	4	13	62	80	46	124	14	3	4	9	3	542	600
perezju02	129	31	2	11	51	67	42	128	15	2	6	8	3	545	600
perezro02	141	29	2	12	55	67	44	136	13	3	4	7	3	540	600
perezsa02	157	30	2	17	79	63	29	87	20	3	4	2	1	564	600
peterbr01	126	25	4	10	57	70	53	125	10	2	4	14	4	535	600
peterbr02	132	26	2	14	63	63	49	128	12	3	5	8	3	541	600
peterja01	126	23	2	12	53	62	44	137	12	5	6	12	3	542	600
petersh01	139	28	2	16	67	70	51	124	12	3	5	9	3	539	600
petitgr01	145	33	2	14	61	72	36	129	10	2	7	7	4	552	600
phamth01	138	28	3	14	64	67	48	126	12	3	5	9	4	541	600
phegljo01	131	26	1	17	69	59	33	125	13	2	3	7	2	556	600
phelpco01	134	25	3	16	67	66	46	124	13	3	4	10	3	545	600
phillbr01	146	27	1	14	75	68	33	90	16	3	7	7	3	551	600
phippde01	142	29	3	18	70	77	51	123	12	4	5	11	4	539	600
piefe01	134	27	2	14	63	71	49	131	11	3	5	10	7	542	600
pierrju01	147	20	5	6	37	71	34	66	8	1	5	34	8	546	600
pierzaj01	146	23	2	18	72	58	26	92	15	4	8	2	1	558	600
pillake01	139	32	2	14	60	75	37	136	11	2	6	7	6	551	600
pillbr01	133	26	2	18	68	68	44	115	19	3	6	8	2	544	600
pinama01	141	29	3	17	69	73	51	120	12	4	5	11	4	540	600
pintojo01	136	28	1	19	65	74	59	142	17	2	5	5	3	532	600
pireljo01	144	28	7	13	66	75	47	122	14	3	5	9	3	544	600
plouftr01	137	32	2	19	73	67	49	122	13	2	5	3	2	542	600
podsesc01	147	24	2	12	54	63	37	107	11	2	4	15	4	544	600
polangr01	133	23	1	14	66	87	56	123	7	3	3	20	7	537	600
polanjo01	141	30	5	14	72	73	53	128	12	3	5	10	4	538	600
polanpl01	139	23	1	7	43	54	37	67	16	2	7	4	1	545	600
polloaj01	152	35	7	13	55	79	45	107	9	2	4	18	5	547	600
pompeda01	139	27	6	15	65	70	51	133	11	3	5	11	3	541	600
poseybu01	163	33	2	20	86	72	57	85	16	6	4	2	1	532	600
pradoma01	156	32	3	12	66	67	41	74	20	1	4	7	3	549	600
preslal01	141	21	5	14	50	63	35	115	9	1	3	11	7	557	600
pridija01	138	27	3	16	67	68	46	119	12	3	5	9	3	544	600
princjo01	138	29	2	16	65	73	51	120	14	3	5	9	3	540	600
profaju01	134	27	1	15	61	66	51	126	8	2	7	7	6	536	600
puigya01	158	33	6	19	66	88	59	128	9	5	11	12	8	529	600
pujolal01	145	33	1	23	86	73	46	74	20	10	5	5	1	541	600
puntoni01	125	24	2	7	44	61	59	126	11	1	1	9	3	528	600
quentca01	129	33	1	21	75	68	58	105	13	2	16	3	2	518	600
quinthu01	135	30	1	14	66	52	36	119	14	3	4	6	3	552	600
quintom01	127	22	2	9	50	60	55	119	14	7	4	5	2	534	600
quirogu01	129	31	2	13	58	59	44	120	15	4	5	7	3	541	600
raburry01	125	30	1	17	73	63	47	136	15	2	5	3	2	542	600
ramiral03	154	30	2	10	61	66	25	77	16	1	4	20	6	565	600
ramirar01	153	32	2	19	80	68	39	89	15	2	11	5	1	543	600
ramirha01	152	35	2	21	85	80	55	109	13	4	6	16	5	537	600
ramirjo01	142	26	5	10	53	71	42	105	10	2	4	17	4	537	600
ramirwi01	143	31	3	13	61	62	44	129	12	3	5	7	3	545	600
ramoswi01	149	22	1	22	86	62	39	104	22	4	1	3	2	556	600
ransoco01	120	28	2	21	70	64	57	166	12	2	5	4	2	531	600
rasmuco01	134	30	3	25	75	74	49	167	6	3	4	5	2	546	600
realmjt01	140	28	5	13	78	70	46	129	15	3	5	9	3	545	600
reckean01	122	28	1	19	73	63	45	164	9	2	4	5	3	541	600
reddijo01	135	27	5	21	78	78	52	121	9	3	3	8	2	541	600
reimono01	133	28	1	21	70	67	45	153	13	4	3	7	3	544	600
rendoan01	150	35	4	16	69	86	52	105	11	3	5	11	3	538	600
repkoja01	137	27	3	16	66	69	48	119	12	3	5	11	4	541	600
reverbe01	167	17	6	4	37	72	27	68	12	1	3	40	9	562	600
reyesjo01	156	30	4	11	52	80	45	70	7	4	1	25	5	548	600
reynoma01	116	21	0	25	72	69	66	168	14	3	5	5	2	525	600
rhymewi01	136	23	3	14	60	66	49	108	10	3	7	10	5	539	600
richaan01	140	26	3	13	61	66	46	119	11	3	5	19	3	542	600
riosal01	157	32	6	14	71	73	33	101	17	3	2	24	7	560	600
riverca02	144	32	3	16	69	68	49	119	12	3	5	9	3	541	600
riverju01	137	26	2	16	74	62	41	91	19	3	5	7	4	545	600
riverre01	137	30	3	16	72	55	46	132	11	5	5	4	1	541	600
rizzoan01	141	31	1	25	76	77	65	117	10	6	9	6	4	526	600
roberbr01	130	25	4	12	55	64	48	97	12	2	2	9	5	542	600
roberda09	142	28	3	8	64	69	50	107	11	2	3	13	7	540	600
roberry01	131	24	1	15	62	62	48	120	15	2	2	9	6	543	600
robinch02	138	27	2	17	68	68	48	119	12	3	5	9	3	542	600
robincl01	139	27	3	14	66	72	48	121	12	3	5	9	3	541	600
robinde02	139	25	5	10	49	66	51	123	8	2	4	10	8	537	600
robinsh01	130	21	3	11	58	67	58	101	14	3	2	9	4	534	600
robintr01	135	25	3	16	63	70	52	134	11	4	5	15	6	537	600
rodrial01	137	22	1	19	63	74	57	125	14	3	8	13	3	529	600
rodried04	140	28	3	18	70	73	53	123	12	4	5	11	4	537	600
rodrigu02	135	26	3	13	62	67	47	125	11	3	5	9	3	540	600
rodrihe04	138	29	3	16	68	68	53	125	13	3	5	10	4	539	600
rodrise01	125	28	4	18	72	66	41	142	10	1	9	7	3	537	600
rodriyo01	139	26	3	13	64	69	47	140	11	3	7	9	5	543	600
rogerja02	136	29	3	14	62	65	49	121	12	3	5	9	3	541	600
rojasmi02	125	22	2	10	53	66	45	117	15	4	6	6	2	545	600
rolensc01	134	28	3	15	67	58	50	111	10	2	5	7	3	537	600
rolliji01	133	27	3	14	51	72	55	92	9	3	1	22	5	538	600
romakja01	129	27	3	13	65	66	48	129	13	3	5	9	3	542	600
romerst01	126	25	4	12	53	66	34	137	14	2	11	6	8	548	600
rominan01	135	19	1	8	46	64	44	127	11	1	3	17	3	542	600
rominau01	133	32	2	12	58	69	44	134	17	2	5	8	2	544	600
rosalad01	130	25	1	15	58	65	46	128	15	3	8	8	3	540	600
rosarwi01	155	32	1	26	91	80	34	130	16	4	2	5	3	560	600
rossco01	143	30	1	16	68	63	45	119	13	2	4	4	3	543	600
rossda01	123	25	1	20	59	59	51	163	11	2	3	5	2	536	600
rottivi01	130	26	3	18	66	75	51	120	10	4	4	14	3	536	600
ruary01	149	32	2	14	69	67	38	118	19	2	7	9	3	552	600
rufda01	134	29	2	22	65	72	55	159	11	3	11	4	1	527	600
ruggiju01	141	30	2	19	66	67	50	147	10	1	5	15	9	540	600
ruizca01	143	33	1	13	63	63	47	83	14	4	13	6	2	530	600
ruppca01	134	31	2	12	65	62	47	139	19	3	4	8	3	545	600
rutlejo01	143	27	7	13	60	80	39	132	11	1	7	12	3	547	600
ryanbr01	112	24	2	7	46	54	45	126	12	1	6	9	5	537	600
saltaja01	130	34	1	20	73	73	61	178	11	4	2	3	2	533	600
sanchan02	138	28	2	16	64	68	49	117	12	3	5	9	3	540	600
sanchca01	142	29	2	11	56	60	40	133	11	3	4	9	4	551	600
sanchga01	128	33	1	14	65	62	57	112	13	2	5	5	1	532	600
sanchhe01	138	30	1	13	84	53	34	148	12	2	6	4	2	553	600
sanchto01	140	25	2	16	70	62	41	143	11	2	7	6	2	546	600
sandopa01	151	28	3	16	77	67	46	89	17	5	4	2	1	544	600
sandsje01	136	28	3	16	68	66	45	132	15	3	7	9	3	544	600
santaca01	127	29	1	21	75	69	90	111	13	5	3	5	3	504	600
santada01	166	35	7	12	61	90	36	136	7	1	5	22	5	556	600
santado01	131	27	3	14	62	67	49	150	12	3	5	9	3	543	600
santira01	123	22	2	8	48	60	54	101	9	2	6	5	2	525	600
santoom01	137	27	3	16	66	68	48	114	15	3	5	10	4	538	600
sappeda01	141	30	2	14	61	66	47	113	11	4	5	11	4	545	600
sardilu01	142	29	2	10	58	67	42	120	17	2	7	15	4	545	600
satinjo01	132	33	1	11	56	63	65	140	13	4	5	6	3	527	600
saundmi01	135	30	4	18	67	79	58	143	8	3	2	16	6	534	600
schafjo02	127	22	4	8	49	70	59	148	6	4	3	45	13	528	600
schaflo01	121	30	5	9	59	61	51	116	8	5	5	11	4	531	600
schiena01	129	27	5	17	66	60	39	120	8	3	6	7	5	547	600
schmiko01	138	28	3	17	71	72	51	120	12	4	5	11	4	539	600
schnebr01	135	28	2	15	61	66	45	109	14	3	7	9	3	540	600
schoojo01	128	25	1	19	62	68	29	148	16	1	8	5	1	558	600
schumsk01	138	27	2	6	54	59	46	104	12	2	4	5	3	541	600
scottlu01	130	30	3	19	79	61	49	126	12	4	7	7	2	536	600
scrugxa01	136	28	3	13	65	63	49	130	12	3	7	9	3	538	600
scutama01	154	26	3	7	51	67	42	57	12	1	3	6	2	540	600
seageky01	143	29	2	20	77	67	52	112	10	2	6	9	4	539	600
segurje01	150	20	7	9	48	72	34	90	14	4	5	28	10	555	600
selleju01	128	24	3	13	51	64	51	131	13	4	6	7	4	534	600
semiema01	137	28	3	15	67	71	47	153	13	2	4	10	3	546	600
shoppke01	127	31	3	17	61	62	47	166	8	5	11	6	2	534	600
shuckja01	143	24	3	8	55	73	37	87	12	2	2	10	4	550	600
sierrmo01	138	33	4	13	57	69	45	145	8	2	3	9	3	549	600
simmoan01	141	24	5	12	57	62	40	72	20	3	2	6	4	554	600
singljo02	110	25	1	19	72	72	71	188	9	2	3	6	5	525	600
sizemgr01	131	29	5	10	51	59	50	119	14	1	2	9	2	544	600
sizemsc01	141	32	2	13	68	69	44	132	11	3	5	9	3	545	600
skipwky01	139	28	3	16	66	70	52	123	15	4	5	9	3	539	600
smithse01	134	35	3	15	62	69	67	120	11	5	5	3	2	525	600
smoakju01	123	24	1	20	63	63	61	136	14	2	3	2	1	535	600
smolija01	154	30	2	16	69	71	41	133	11	3	9	7	3	546	600
snidetr01	136	26	3	17	62	67	55	135	11	4	3	5	3	541	600
snydebr02	132	26	2	16	61	64	49	125	13	3	5	8	3	540	600
snydebr03	139	28	2	19	72	74	42	144	11	3	6	8	3	547	600
snydech02	117	23	2	16	61	61	62	136	11	6	6	6	2	528	600
sogarer01	131	27	3	7	51	68	48	88	9	2	4	15	6	538	600
solando01	143	23	3	7	56	56	40	109	12	3	6	7	2	545	600
solanjh01	136	29	2	16	64	67	46	113	16	4	4	9	4	546	600
solarya01	138	24	2	12	58	66	57	86	14	2	5	3	2	531	600
solerjo01	146	35	4	19	83	70	46	134	14	3	4	9	3	544	600
solisal01	135	27	3	15	66	67	47	131	12	3	5	10	4	540	600
soriaal01	137	31	1	25	84	68	35	144	12	3	5	10	4	553	600
sotoge01	127	27	2	18	68	69	52	139	17	2	3	5	3	539	600
sotone01	127	26	2	13	59	62	42	133	17	3	6	10	3	545	600
souzast01	133	26	3	17	63	66	50	127	13	3	5	9	3	540	600
spande01	156	33	7	6	43	77	45	73	9	1	2	21	6	548	600
spangco01	145	27	4	16	70	69	43	127	12	3	4	15	7	547	600
spearna01	139	28	3	17	68	72	50	123	12	4	5	11	4	540	600
springe01	128	20	2	27	80	76	61	171	10	6	11	9	4	525	600
stantmi03	144	32	1	33	92	84	79	165	13	14	4	8	1	518	600
stassma01	145	30	3	14	71	68	45	130	13	3	7	9	3	544	600
stewach01	131	21	1	8	51	54	48	100	11	3	8	7	2	531	600
stewaia01	125	23	7	16	61	64	50	147	12	5	6	7	5	542	600
stubbdr01	136	26	3	17	57	83	49	176	6	1	3	25	5	543	600
stulter01	138	28	3	15	66	69	45	121	12	3	4	10	4	536	600
suareeu01	135	24	2	12	59	72	50	140	10	3	8	8	4	535	600
sucreje01	134	25	2	11	62	60	40	124	12	3	4	7	3	546	600
susacan01	143	35	2	16	81	73	48	140	9	3	4	7	3	545	600
susdost01	139	29	2	16	64	69	49	119	14	3	5	9	3	541	600
suttodr01	141	35	3	14	66	68	45	137	10	3	5	8	4	545	600
suzukic01	150	21	3	7	43	63	29	79	8	3	2	20	5	560	600
suzukku01	141	32	1	8	67	51	40	81	9	4	8	3	1	543	600
sweenry01	141	33	3	11	57	62	44	105	9	3	3	4	1	547	600
swishni01	128	29	1	18	69	65	64	139	10	2	3	2	1	527	600
szczuma01	137	26	2	15	62	66	46	120	12	3	4	8	3	545	600
tabatjo01	146	28	6	9	54	65	43	98	17	1	8	8	8	543	600
tanakke01	138	25	2	14	61	67	50	110	11	3	4	11	3	539	600
taveros01	139	25	1	11	61	58	40	111	19	2	4	5	3	553	600
tayloch03	146	30	2	9	55	68	48	138	13	2	6	14	5	541	600
taylomi01	129	25	2	12	52	63	51	133	13	3	4	8	3	540	600
taylomi02	136	31	2	15	66	69	48	142	13	3	7	8	7	541	600
teagata01	123	25	2	17	68	57	43	139	11	2	3	7	4	546	600
teixema01	121	23	1	24	79	68	62	118	13	3	7	3	2	523	600
tejadmi01	144	23	2	13	64	60	38	103	15	3	4	7	2	547	600
tejadru01	136	26	1	7	46	58	53	102	11	7	7	5	4	535	600
tekotbl01	136	26	2	16	62	68	49	126	11	3	6	12	8	539	600
telisto01	141	26	2	12	67	67	40	117	14	3	6	8	3	548	600
terdojo01	135	31	2	12	59	70	55	132	13	4	6	9	3	535	600
thameer01	137	28	4	18	63	67	43	149	14	2	4	8	3	548	600
theriry01	144	26	2	9	56	70	44	96	15	3	3	16	6	544	600
tholejo01	128	23	2	7	46	54	51	107	16	4	3	4	4	539	600
thomacl02	126	28	1	12	47	71	52	153	10	3	4	5	4	541	600
thomeji01	135	25	2	18	67	62	53	134	14	5	4	7	3	535	600
thompri02	134	26	3	16	64	73	46	116	13	3	7	19	6	540	600
tollest01	135	25	4	13	58	64	43	136	12	2	5	10	3	542	600
torrean02	130	28	5	8	52	66	55	119	13	3	3	12	5	534	600
torreyo01	132	25	1	10	54	53	45	102	12	3	4	5	2	540	600
tovarwi01	137	27	2	15	67	68	50	121	16	5	7	11	3	537	600
tracych01	133	27	2	16	63	54	46	110	10	5	4	6	4	546	600
treanma01	127	24	3	15	61	65	52	119	11	5	6	9	4	532	600
triunca01	130	27	2	15	62	66	43	128	12	3	6	8	3	544	600
troutmi01	157	33	7	27	88	103	77	142	7	6	7	26	4	513	600
trumbma01	136	25	2	27	92	71	46	154	14	4	2	5	4	548	600
tuiasma01	135	26	2	18	77	75	61	143	12	2	5	6	2	531	600
tulowtr01	160	30	2	27	85	93	67	98	11	5	6	4	2	522	600
turneju01	160	36	2	11	67	69	45	107	15	2	6	8	3	545	600
ugglada01	105	20	2	18	63	70	73	162	9	3	9	4	2	513	600
uptonbj01	119	23	3	17	51	65	54	173	10	3	2	21	6	537	600
uptonju01	144	28	2	23	79	86	62	147	10	3	5	10	4	529	600
uribeju01	152	31	1	14	70	59	36	115	18	3	3	4	2	554	600
urruthe01	144	24	4	14	59	67	43	120	14	3	4	8	3	549	600
utleych01	142	29	5	15	71	72	51	85	10	8	10	10	2	530	600
valaich01	134	27	2	14	65	58	41	136	16	3	7	7	2	546	600
valbulu01	126	33	3	16	59	66	71	117	10	4	3	3	4	524	600
valdejo02	128	22	4	18	68	69	43	118	8	2	6	15	6	543	600
valdewi01	131	22	2	11	58	61	40	111	12	2	3	10	3	546	600
valenda01	143	34	3	15	70	58	34	128	16	1	3	4	4	556	600
vanslsc01	140	30	2	23	71	69	61	150	14	1	6	9	4	528	600
vargake01	146	28	3	19	83	69	41	146	13	4	6	5	2	546	600
vazquch01	134	28	2	10	64	59	53	116	13	3	3	6	2	533	600
velazgi01	138	25	3	14	61	64	44	115	10	3	4	10	3	545	600
venabwi01	137	25	6	16	56	71	44	133	7	3	4	21	7	545	600
vicieda01	140	26	3	22	73	69	37	133	18	2	5	2	2	555	600
victosh01	145	28	4	13	60	75	39	88	7	1	10	23	4	539	600
villajo01	128	27	4	12	52	69	50	160	11	3	3	30	10	538	600
vittejo01	126	26	2	16	62	67	50	138	17	3	6	12	3	540	600
vizquom01	134	23	3	11	51	59	39	93	13	2	3	10	4	546	600
vogtst01	143	24	3	17	68	62	41	103	8	4	3	5	2	551	600
vottojo01	144	34	1	18	63	77	102	114	12	13	5	6	3	491	600
walkech02	137	29	3	16	63	66	48	136	12	3	5	9	3	543	600
walkene01	142	28	3	20	73	74	52	105	14	3	10	4	3	533	600
wallabr01	134	28	2	22	69	70	45	173	10	2	9	5	2	544	600
walteza01	128	23	3	25	70	72	47	154	9	2	5	6	2	546	600
watkilo01	138	27	2	13	58	70	42	136	9	4	5	9	3	547	600
weeksje01	128	24	7	8	43	73	55	98	9	1	6	16	5	528	600
weeksri01	127	31	2	17	55	71	59	147	13	1	11	11	5	528	600
wellsca01	118	23	3	13	53	66	49	149	9	2	4	6	3	545	600
wellsve01	132	23	1	17	65	66	42	98	12	2	2	9	3	550	600
werthja01	152	31	2	18	75	80	69	109	9	3	6	10	2	520	600
wheelry01	136	28	3	13	77	63	47	123	14	2	3	7	2	543	600
wheelze01	133	22	2	15	61	66	42	121	12	3	6	8	3	543	600
whiteel03	129	27	2	13	62	62	43	125	10	3	6	11	3	542	600
wietema01	136	29	1	22	83	67	51	114	12	4	2	4	1	540	600
wiggity01	127	23	1	15	64	69	53	128	10	4	4	6	3	534	600
wilkian01	131	28	2	12	59	62	45	150	13	3	5	8	3	546	600
willija01	137	26	3	16	66	65	49	123	14	3	5	9	3	540	600
willijo03	118	24	1	23	75	70	74	147	12	4	13	4	1	505	600
wilsobo02	129	23	2	14	57	66	48	110	15	2	4	7	3	531	600
wilsoja02	132	24	4	14	61	63	43	111	11	4	4	9	3	541	600
wilsojo03	133	26	3	11	60	67	41	122	20	2	5	8	2	546	600
wisede01	141	26	3	17	67	71	35	122	8	1	3	28	7	554	600
wongko01	137	23	3	15	59	73	37	113	16	4	5	22	5	552	600
worthda01	128	25	2	11	59	68	53	132	13	3	5	8	4	534	600
wrighda03	152	31	3	15	72	70	58	109	17	8	4	13	6	534	600
yelicch01	150	29	4	10	53	84	64	135	10	3	3	18	5	531	600
ynoara01	151	33	4	11	75	63	45	113	12	3	4	8	3	546	600
youklke01	127	24	2	18	64	75	53	126	13	3	14	4	1	528	600
youngch04	121	32	2	19	65	68	55	130	9	3	5	13	5	536	600
youngde03	152	27	1	18	70	60	31	122	16	1	6	3	1	558	600
younger03	136	25	6	6	42	81	47	110	7	2	6	41	9	537	600
youngma02	138	29	3	16	68	73	49	128	12	4	6	11	4	539	600
youngmi02	150	26	4	10	56	64	40	84	20	3	2	3	1	553	600
zimmery01	149	32	2	21	82	79	55	116	16	4	2	5	1	539	600
zobribe01	140	31	3	12	58	73	68	86	11	4	3	10	5	522	600
zuninmi01	121	25	2	23	70	69	36	176	15	2	15	3	3	546	600
